recno,TYCID1,TYCID2,TYCID3,RA_J2000_24,DE_J2000,pmRA,pmDE,BT,VT,V,B-V,HD,HIP,Plx,is_hyades,cluster,silhouette
3579,51,383,1,2.913019,3.569417,52.5,-25.5,9.652,8.895,8.827,0.643,18115,,,0,3,-0.0734157507
3782,54,211,1,2.965169,7.435182,57.2,0.1,10.709,9.904,9.832,0.684,      ,,,0,3,0.1628176699
3784,54,266,1,2.945891,6.337034,71.4,12.1,10.905,10.101,10.029,0.683,      ,,,0,3,0.3418617594
3788,54,306,1,2.925166,5.933608,75.6,-43.2,11.664,11.009,10.95,0.557,      ,,,0,3,0.2245193396
3835,54,934,1,2.909196,5.466581,72.6,-27,10.536,9.836,9.773,0.595,18094,,,0,3,0.3430287569
3836,54,937,1,2.939951,5.614864,47.4,8.2,10.449,9.174,9.059,1.084,18297,,,0,3,-0.0468153059
4103,58,805,1,3.046149,3.63071,49.8,7.6,9.954,9.288,9.228,0.566,      ,14174,6.64,0,3,0.0088109781
4228,60,607,1,3.459522,4.127326,73.2,25.8,9.958,9.436,9.389,0.444,21452,,,0,3,0.3127034648
4229,60,681,1,3.412903,4.921645,54.1,-18.1,11.21,9.891,9.772,1.121,      ,,,0,3,0.0144906602
4238,60,907,1,3.495662,3.927625,114.9,-0.5,11.492,10.75,10.683,0.631,      ,,,0,3,0.4761603754
4254,60,1491,1,3.420047,3.886331,55.7,1,11.526,11.013,10.967,0.436,      ,,,0,3,0.125543683
4255,60,1499,1,3.3539,3.856881,60.5,-8.8,9.306,8.935,8.902,0.315,20790,15628,7.59,0,3,0.2082189984
4256,60,1511,1,3.384613,3.867796,99.1,-52.4,12.001,11.119,11.04,0.75,      ,,,0,3,0.2292734814
4289,61,605,1,3.016572,5.593409,67.8,-11,11.864,11.277,11.224,0.499,      ,,,0,3,0.3255196583
4313,61,993,1,3.058703,5.335366,56.9,-19.2,10.234,8.987,8.875,1.06,19001,,,0,3,0.0929916436
4332,62,71,1,3.264933,6.819979,47.5,4.6,10.933,10.243,10.181,0.587,      ,,,0,3,-0.0651355762
4348,62,371,1,3.285835,6.799886,51,-32.6,7.261,6.985,6.96,0.235,20402,15279,11.88,0,3,-0.1444757402
4349,62,374,1,3.294548,7.22104,54.5,-6.5,10.751,10.073,10.012,0.576,      ,,,0,3,0.0805655676
4371,62,1020,1,3.24197,5.741619,163.9,13.8,11.141,10.31,10.235,0.706,      ,,,0,3,0.3772932364
4406,63,436,1,3.385693,6.380476,119.4,-72,10.99,10.138,10.061,0.724,      ,,,0,3,0.0893536219
4412,63,673,1,3.347082,6.433228,62.6,-15.5,10.233,9.634,9.58,0.509,      ,15593,4.55,0,3,0.2392958051
4428,63,1305,1,3.416744,5.617653,55.4,1.1,11.175,10.174,10.084,0.851,      ,,,0,3,0.1228973715
4431,63,1415,1,3.428963,5.935438,63.2,-18.9,7.756,7.673,7.666,0.071,21243,15978,6.68,0,3,0.2358044033
4665,67,874,1,3.604876,4.832674,57.7,-19.1,11.488,10.366,10.265,0.954,      ,,,0,3,0.1128782841
4670,67,903,1,3.543021,3.934527,55.9,5.5,11.426,10.452,10.364,0.828,      ,,,0,3,0.137873701
4678,67,1091,1,3.622747,4.885307,64.9,-40.8,10.487,9.779,9.715,0.602,      ,,,0,3,0.1569175495
4688,67,1399,1,3.591194,3.51305,46.1,5.6,9.829,9.377,9.336,0.384,22295,,,0,3,-0.0929302119
4730,68,495,1,3.70178,4.993263,100.8,-12.7,11.431,10.586,10.51,0.718,      ,,,0,3,0.4980993289
4736,68,801,1,3.731761,3.446354,123.7,36.7,10.098,9.049,8.955,0.892,23261,,,0,3,0.3850764609
4747,68,1040,1,3.683347,3.578566,110.2,17.3,9.795,9.128,9.068,0.567,22917,,,0,3,0.4407483077
4824,70,336,1,3.552406,5.250666,94.3,46.2,11.402,10.753,10.695,0.552,      ,,,0,3,0.3324450013
4844,70,819,1,3.613951,6.414012,67.6,-39.6,10.893,9.929,9.842,0.819,      ,,,0,3,0.2112509733
4855,70,1068,1,3.585338,6.006283,74,-34.4,11.63,10.915,10.851,0.608,      ,,,0,3,0.3237603488
4863,70,1227,1,3.657937,6.736594,68.8,-4.7,10.321,9.39,9.306,0.791,22723,17066,6.2,0,3,0.3454541482
4867,70,1244,1,3.627898,6.694851,52.2,61.6,11.391,10.616,10.546,0.659,      ,,,0,3,0.0153651569
4886,71,85,1,3.689092,5.047207,49.1,42.6,10.65,10.01,9.952,0.544,      ,,,0,3,-0.000338173
4892,71,221,1,3.679164,6.173448,55.1,-9.3,11.366,10.424,10.339,0.801,      ,,,0,3,0.0850244707
4899,71,316,1,3.734975,5.055565,60.3,8.8,9.825,9.419,9.382,0.345,      ,17435,4.2,0,3,0.2179564851
4900,71,345,1,3.668767,5.874581,110.9,-0.4,11.221,10.115,10.015,0.94,      ,,,0,3,0.4827922667
4916,71,866,1,3.812496,5.036952,49.3,-11.3,10.144,9.682,9.64,0.393,      ,,,0,3,-0.1040958838
4955,72,223,1,3.941176,5.851497,43.9,8.9,9.409,8.271,8.169,0.967,24772,,,0,3,-0.1248595233
4977,72,692,1,3.912256,5.010716,127.9,-28.9,9.845,9.04,8.968,0.684,      ,,,0,3,0.4222392668
4986,72,1056,1,3.847177,5.462543,79.6,-0.9,10.794,10.042,9.974,0.639,      ,,,0,3,0.4276772554
5247,76,383,1,4.03689,4.583884,48.3,-16,10.886,10.142,10.075,0.632,      ,18831,6.53,0,3,-0.1597150615
5257,76,521,1,4.165047,4.323651,48.8,8.4,10.881,10.16,10.095,0.613,      ,19449,12.14,0,3,-0.0123248837
5309,77,475,1,4.285204,4.152343,46.4,18,10.557,10.006,9.956,0.468,      ,19979,,0,3,-0.0235055327
5422,78,1511,1,4.493229,3.838596,53.8,-34.6,11.321,10.287,10.194,0.879,      ,20956,,0,3,-0.0735767094
5460,79,608,1,4.112443,5.686844,65.7,18.4,9.334,8.703,8.646,0.536,25942,19189,4.4,0,3,0.272161285
5492,80,113,1,4.21111,6.371711,55.2,-42.7,11.593,10.665,10.581,0.789,      ,,,0,3,-0.0654145232
5501,80,293,1,4.184989,6.718512,54.9,-21.7,9.385,8.861,8.814,0.445,26425,19538,6.14,0,3,0.0234176563
5530,80,977,1,4.175499,5.900255,99,-38.3,11.292,10.51,10.44,0.665,      ,,,0,3,0.3975715421
5535,80,1019,1,4.240678,5.180571,89.7,13.9,10.624,9.553,9.457,0.91,      ,,,0,3,0.4296755134
5593,81,1030,1,4.353662,6.233174,105.1,-45.8,9.59,8.792,8.72,0.678,27562,,,0,3,0.3289315466
5602,81,1287,1,4.397454,7.003893,58.2,-16.5,10.508,10.027,9.984,0.409,      ,,,0,3,0.1412651441
6009,86,747,1,4.575943,3.685664,74.4,15.1,11.082,10.354,10.288,0.619,      ,,,0,3,0.3519154841
6017,86,974,1,4.602037,3.421832,51.8,-0.2,11.112,10.331,10.261,0.664,      ,,,0,3,0.0263662116
6075,87,1169,1,4.703783,3.704359,96.1,34.8,12.086,11.012,10.915,0.913,      ,,,0,3,0.3729558627
6290,90,710,1,4.554703,5.493203,48.3,-9.1,12.073,10.888,10.781,1.007,      ,,,0,3,-0.1242631529
6311,90,1257,1,4.540711,4.22572,140.4,-5.7,11.102,10.332,10.263,0.655,      ,,,0,3,0.4367765748
6317,91,96,1,4.64784,5.429672,55,-25.7,11.04,10.308,10.242,0.622,      ,,,0,3,0.0033210145
6336,91,432,1,4.631925,5.274274,88.5,-32.2,11.099,10.38,10.315,0.611,      ,,,0,3,0.4385937303
6356,91,831,1,4.729455,4.733297,85.9,-34,9.831,9.252,9.2,0.492,29989,,,0,3,0.4123010954
6363,91,887,1,4.730267,3.978442,48.1,16.4,11.121,10.269,10.192,0.724,      ,,,0,3,0.0042998925
6425,92,445,1,4.844241,4.969744,58.3,-32.3,10.541,9.884,9.825,0.558,      ,,,0,3,0.0622844686
6435,92,542,1,4.858245,5.264857,61.6,-7.7,11.071,9.922,9.819,0.977,      ,,,0,3,0.2344679077
6450,92,687,1,4.873379,4.332681,70.8,-49.6,9.475,8.93,8.881,0.463,31003,,,0,3,0.0411316798
6481,92,1008,1,4.803395,4.252853,70.2,-1.3,11.676,11.126,11.077,0.468,      ,,,0,3,0.3506248139
6522,93,499,1,4.895677,5.56552,66,-20.5,11.789,11.145,11.087,0.547,      ,,,0,3,0.277815296
6531,93,579,1,4.947629,4.58613,53.4,-5,11.985,10.483,10.348,1.277,      ,,,0,3,0.0514792718
6534,93,591,1,4.937954,4.432925,65.1,34,11.043,10.279,10.21,0.649,      ,,,0,3,0.2295439274
6555,93,773,1,4.920212,3.786788,61.6,-41.8,10.601,9.922,9.861,0.577,      ,,,0,3,0.0865167574
6558,93,839,1,4.988769,5.018781,103.5,31.2,11.931,11.145,11.074,0.668,      ,,,0,3,0.3969844582
6711,95,1525,1,4.745729,6.413524,61.9,49.1,10.883,10.285,10.231,0.508,      ,,,0,3,0.1443312407
6754,96,535,1,4.849028,6.459581,101.2,-46,10.035,9.456,9.404,0.492,      ,,,0,3,0.3199436917
6769,96,776,1,4.822942,6.564731,49.7,-14.1,10.547,9.772,9.702,0.659,      ,,,0,3,-0.107568157
6818,97,542,1,4.988075,6.430877,57.1,1.3,12.28,11.036,10.924,1.057,      ,,,0,3,0.1591761402
6836,97,726,1,4.974018,6.22311,84.7,-53.5,11.032,10.367,10.307,0.565,      ,,,0,3,0.1202454715
6847,97,873,1,4.922977,5.636391,61.9,32.7,9.082,8.43,8.371,0.554,31354,22889,14.24,0,3,0.2050712992
7856,106,892,1,5.01358,4.733113,72.8,11.1,10.93,9.82,9.72,0.944,      ,23312,16.77,0,3,0.353156331
8021,108,837,1,5.323502,4.170967,82.1,-32.4,11.917,11.222,11.159,0.591,      ,,,0,3,0.3991630156
8111,109,243,1,5.439741,3.856594,52.9,35.8,8.173,7.681,7.637,0.418,35638,25435,15.96,0,3,0.0725931235
8159,109,1222,1,5.455167,5.097109,50.1,-17.7,10.081,8.869,8.76,1.03,35772,,,0,3,-0.1123551942
8279,110,641,1,5.085149,6.130207,52.5,-12.4,8.297,7.754,7.705,0.462,32662,23662,16.69,0,3,-0.0079250118
8309,110,994,1,5.106037,7.302328,54,-35.7,11.555,10.786,10.717,0.654,      ,,,0,3,-0.0730255089
8326,110,1206,1,5.094549,6.465165,61.9,-0.3,11.251,10.001,9.889,1.063,240629,23701,13.78,0,3,0.2479053185
8349,111,315,1,5.204704,7.477682,46.2,42.7,10.304,9.606,9.543,0.593,33674,,,0,3,-0.0455961484
8388,111,1184,1,5.225528,5.768169,59.5,-30,9.378,8.219,8.115,0.985,33865,24351,4.04,0,3,0.1053734247
8400,111,1438,1,5.198745,5.71605,49.6,6.3,11.705,10.574,10.472,0.961,      ,,,0,3,-0.0022969517
8410,111,1835,1,5.162754,7.181586,50.2,12.5,7.979,7.476,7.431,0.428,33313,24021,21.39,0,3,0.0365621541
8441,112,683,1,5.279987,6.554837,65.4,-21,10.495,9.979,9.933,0.439,      ,,,0,3,0.270386488
9334,122,1118,1,5.555926,4.10023,131.3,-51.8,12.4,10.745,10.596,1.407,244872,,,0,3,0.2785591173
9537,125,352,1,5.887317,4.524667,68.2,113.8,10.653,9.781,9.703,0.741,248901,,,0,3,0.0530349989
9565,125,948,1,5.987925,4.465851,48.4,-19.4,9.336,8.068,7.954,1.078,40492,28337,6.26,0,3,-0.1718893603
9727,127,1004,1,5.701903,6.609267,58,-29.4,10.907,9.763,9.66,0.972,246596,,,0,3,0.0717063755
51961,641,50,1,2.994639,9.635433,42.9,22.2,9.86,8.565,8.448,1.101,18596,13950,6.2,0,3,-0.1014507656
51966,641,139,1,2.921577,8.664976,94,73.4,11.709,10.765,10.68,0.802,      ,,,0,3,0.2438862617
51968,641,155,1,2.951477,7.653436,52.7,-10.5,9.408,8.844,8.793,0.479,18344,13757,11.48,0,3,0.0101616558
51970,641,180,1,3.040579,8.417044,94.2,-12.2,11.57,10.918,10.859,0.554,      ,,,0,3,0.496704939
51972,641,233,1,3.004481,8.594649,92.1,-24.3,11.997,10.757,10.645,1.054,      ,,,0,3,0.4832146916
51975,641,285,1,2.940863,7.780217,128.2,19.3,11.336,10.165,10.06,0.995,      ,,,0,3,0.4259753459
51978,641,318,1,3.047042,8.494284,125.9,-49,10.702,10.077,10.021,0.531,      ,,,0,3,0.3060574792
51993,641,587,1,3.003387,7.51789,51.8,-27.5,9.979,9.713,9.689,0.226,      ,,,0,3,-0.1044490906
52012,641,928,1,2.937861,9.765597,179,9.8,11.423,10.684,10.617,0.628,      ,,,0,3,0.3550384974
52188,644,621,1,3.056143,11.454802,80.5,-17.4,10.251,9.381,9.303,0.74,18965,,,0,3,0.4487636262
52348,647,176,1,3.001976,13.060239,73.4,-5.9,11.043,10.377,10.317,0.566,      ,,,0,3,0.3982262298
52388,647,694,1,2.908798,14.048636,52.3,-15.1,10.514,9.833,9.772,0.579,      ,,,0,3,-0.0315746447
52390,647,707,1,2.914089,14.022722,76,-40.8,10.831,9.979,9.902,0.724,      ,,,0,3,0.2764296346
52398,647,817,1,2.956108,14.697028,56.3,-2.5,9.817,9.386,9.347,0.366,18343,,,0,3,0.1374182909
52408,648,134,1,3.218256,8.130064,48.7,-17.4,11.027,10.221,10.148,0.685,      ,,,0,3,-0.1580625391
52412,648,239,1,3.185124,8.722046,68.2,-50.1,8.874,8.487,8.452,0.329,19759,,,0,3,-0.0081688911
52486,649,1034,1,3.297661,9.38854,59.2,-6.6,11.829,10.763,10.667,0.906,      ,,,0,3,0.1947096432
52497,649,1431,1,3.290706,9.883275,71.5,16.2,10.259,9.447,9.374,0.69,      ,,,0,3,0.335205294
52499,649,1622,1,3.356632,8.051991,124.7,-26.4,11.102,10.065,9.972,0.881,      ,,,0,3,0.4450176706
52500,650,98,1,3.548071,9.818898,52.2,14.2,11.386,10.564,10.49,0.699,      ,,,0,3,0.0826254089
52505,650,272,1,3.445468,8.900463,49.9,-12,10.901,10.28,10.224,0.528,      ,,,0,3,-0.0911611567
52556,651,95,1,3.06612,10.709921,51.9,-26.4,11.706,10.503,10.395,1.023,      ,,,0,3,-0.0992293344
52562,651,140,1,3.125704,11.484215,72.9,-22.9,11.129,10.508,10.452,0.528,      ,,,0,3,0.3718165697
52580,651,719,1,3.153562,12.452224,61.1,-22.4,10.063,9.421,9.363,0.546,      ,,,0,3,0.1887039897
52598,651,1222,1,3.189184,11.253727,57.2,19.6,11.233,10.367,10.289,0.736,      ,,,0,3,0.1694942761
52605,652,198,1,3.287562,10.142175,56.2,3.8,9.735,9.201,9.153,0.454,      ,15288,10.54,0,3,0.148642579
52606,652,218,1,3.320513,12.452084,50.5,-9.4,10.698,8.441,8.238,1.918,      ,,,0,3,-0.0594396332
52616,652,586,1,3.244201,12.268981,150.1,-38.9,11.161,10.056,9.957,0.939,      ,,,0,3,0.3273293016
52620,652,687,1,3.402103,10.092326,73.4,0.4,11.495,10.559,10.475,0.796,      ,,,0,3,0.3891780075
52633,653,232,1,3.540875,10.738186,65,68.9,9.144,8.576,8.525,0.483,21916,16504,10.21,0,3,0.1137811095
52660,653,1219,1,3.504802,10.062004,57.7,25.8,11.181,9.755,9.627,1.212,      ,,,0,3,0.1715091844
52672,654,45,1,3.090786,13.698583,54.5,-23.4,11.785,10.809,10.721,0.83,      ,,,0,3,-0.0014475556
52681,654,159,1,3.129092,13.329425,58.1,-32.5,10.655,9.904,9.836,0.638,      ,,,0,3,0.0595689091
52682,654,171,1,3.139335,14.426644,159.8,-77.4,11.473,10.411,10.315,0.903,      ,,,0,3,0.1303434785
52683,654,173,1,3.129212,14.63463,69.5,-0.5,9.765,9.185,9.133,0.493,19410,,,0,3,0.3544660034
52723,654,1020,1,3.150599,13.959886,62,-41.4,11.445,10.134,10.016,1.114,      ,,,0,3,0.1019273644
52724,654,1054,1,3.167981,14.839252,66.5,29.8,11.296,10.332,10.245,0.819,      ,,,0,3,0.254649716
52735,654,1626,1,3.214134,13.663418,103.2,-45.4,11.335,10.688,10.63,0.55,      ,,,0,3,0.3361729377
52759,655,595,1,3.346158,14.594003,64,-34.4,11.353,10.314,10.22,0.883,      ,,,0,3,0.1834087507
52783,655,1306,1,3.348101,14.202153,49.4,-20.7,10.844,10.242,10.188,0.512,      ,,,0,3,-0.1579161329
52789,655,1494,1,3.323555,12.791278,85,84.2,11.227,10.4,10.326,0.703,      ,,,0,3,0.1786238632
52812,656,735,1,3.414286,14.014893,48,3.8,10.179,9.689,9.645,0.417,      ,15906,3.47,0,3,-0.060832595
52814,656,765,1,3.478346,13.132474,85.2,-29.6,11.131,10.227,10.146,0.768,      ,,,0,3,0.4458535203
52820,656,958,1,3.490054,13.825219,44.1,13,11.494,10.171,10.052,1.125,      ,,,0,3,-0.1003858157
52829,656,1180,1,3.477827,13.172054,177.2,-17.3,10.803,9.764,9.67,0.883,      ,,,0,3,0.3305073737
52839,656,1603,1,3.487252,13.592678,52.9,-28.9,11.047,10.245,10.173,0.682,      ,,,0,3,-0.0804923971
52866,657,435,1,3.697194,7.958949,92.5,34,11.096,10.335,10.267,0.647,      ,,,0,3,0.3715894748
52871,657,537,1,3.716301,9.042202,50.2,-9.9,11.168,10.04,9.938,0.959,      ,,,0,3,-0.069792278
52872,657,539,1,3.657261,9.065167,58.4,-2.6,9.42,8.854,8.803,0.481,22711,17059,7.38,0,3,0.1857721546
52881,657,700,1,3.734473,9.049692,71.8,-21.2,9.831,9.21,9.154,0.528,23260,,,0,3,0.3632425435
52883,657,718,1,3.699038,8.346893,59.9,-22.9,11.63,10.817,10.744,0.691,      ,,,0,3,0.1553638397
52884,657,729,1,3.64983,7.600958,52.1,-19.2,10.335,8.887,8.757,1.231,22671,,,0,3,-0.0553228522
52897,658,21,1,3.766951,9.990378,99.5,-15.2,11.231,10.255,10.167,0.83,      ,,,0,3,0.5067641699
52899,658,81,1,3.808547,9.645945,72.8,9,8.25,6.82,6.691,1.216,23841,17792,4.61,0,3,0.3630719424
52914,658,404,1,3.844504,9.33729,53.6,-19.7,11.757,10.647,10.547,0.944,      ,,,0,3,-0.0091451296
52982,659,31,1,4.035986,9.352627,44.1,8.1,10.795,10.213,10.161,0.495,      ,,,0,3,-0.1291813439
52990,659,395,1,3.927155,9.929026,55.5,-13.2,9.132,8.603,8.555,0.45,24656,18368,8.4,0,3,0.0845662539
53033,659,1203,1,3.954393,8.921102,63.7,-36.2,10.72,9.853,9.775,0.737,      ,,,0,3,0.1665289178
53057,660,256,1,3.67271,11.731674,44.8,40.6,10.5,9.638,9.56,0.733,      ,17149,7.55,0,3,-0.0675338719
53070,660,616,1,3.615128,12.446293,49.1,-11.1,10.338,9.708,9.651,0.535,      ,,,0,3,-0.1151642331
53093,661,146,1,3.754147,11.307499,63.5,32.3,11.554,10.793,10.725,0.647,      ,,,0,3,0.222832947
53125,661,561,1,3.789408,10.980905,59.2,-23.5,11.078,10.426,10.367,0.554,      ,,,0,3,0.1380241262
53158,662,36,1,3.959554,10.295017,142.1,-79.7,10.37,9.609,9.541,0.647,      ,,,0,3,0.0935781646
53207,662,1008,1,3.996751,11.544811,51.6,-4.4,9.43,8.828,8.774,0.512,25112,,,0,3,0.0040799204
53230,662,1548,1,3.996874,11.542838,48.5,-4.5,10.753,10.039,9.975,0.607,      ,,,0,3,-0.094675042
53291,664,62,1,3.802809,14.195384,55.6,-22.5,11.748,10.985,10.916,0.649,      ,,,0,3,0.0386931441
53324,664,911,1,3.895928,13.505012,65.2,-7.5,8.806,8.318,8.274,0.415,24443,18220,9.72,0,3,0.3024177379
53346,665,229,1,4.071878,12.507449,57.8,-15.7,9.938,7.672,7.468,1.926,25605,19003,3.6,0,3,0.1359000356
53356,665,524,1,4.048959,13.462695,64.2,-11.8,11.877,11.374,11.329,0.428,286409,,,0,3,0.2796207052
53377,665,1048,1,3.976616,13.105027,79.2,-5.7,9.82,9.044,8.974,0.66,24971,,,0,3,0.4415133324
53381,665,1120,1,4.004627,14.305909,56.7,-17.5,8.843,8.319,8.272,0.445,25153,18692,10.93,0,3,0.09764805
53396,666,94,1,4.141368,9.157582,54.2,65.2,11.455,11.034,10.996,0.358,      ,,,0,3,0.0306773358
53459,668,167,1,4.45532,9.226198,53.2,-27.1,11.219,10.495,10.43,0.615,      ,,,0,3,-0.0601721373
53462,668,299,1,4.346965,9.224822,55.2,13.8,6.712,6.546,6.531,0.141,27505,20281,10.17,0,3,0.1352107016
53468,668,490,1,4.406316,7.765695,50.9,-30.5,11.726,11.045,10.984,0.579,      ,,,0,3,-0.1437097457
53479,668,1107,1,4.447555,8.704892,116.9,23.2,11.713,10.964,10.897,0.637,      ,,,0,3,0.4264024883
53515,669,755,1,4.471461,8.954814,61.1,-18.2,11.22,10.399,10.325,0.698,      ,,,0,3,0.2039901607
53569,670,549,1,4.150271,10.92638,58.2,-29.2,9.222,8.799,8.761,0.36,26183,,,0,3,0.0814192163
53595,671,690,1,4.296082,9.713418,45.2,14.5,9.717,9.088,9.031,0.535,286672,,,0,3,-0.0650501151
53666,673,1012,1,4.588587,9.434171,75.5,-44.5,12.189,10.864,10.745,1.126,      ,,,0,3,0.2030319034
53821,678,336,1,4.138469,13.52388,93.7,-4.7,9.917,8.849,8.753,0.908,26091,,,0,3,0.4921984881
53822,678,353,1,4.116442,14.598803,75.9,-21,11.07,10.518,10.468,0.469,      ,,,0,3,0.4071803814
53835,678,549,1,4.10636,14.402224,61.7,63.7,7.86,7.359,7.314,0.426,25849,19157,16.75,0,3,0.1012037761
53856,679,451,1,4.306684,14.555186,43.3,14.5,10.673,8.87,8.708,1.533,285708,,,0,3,-0.1081535583
53862,679,531,1,4.295285,13.836591,65.5,42.5,8.203,7.044,6.94,0.985,27145,20025,5.8,0,3,0.2059079165
53882,680,308,1,4.359418,14.834535,126.1,-70.3,10.879,10.135,10.068,0.632,285710,,,0,3,0.1281263732
53892,680,594,1,4.457038,14.260681,101.9,-19,11.549,10.384,10.279,0.99,285828,,,0,3,0.5093602635
53904,680,812,1,4.379244,14.251422,83.8,-38.8,10.918,10.332,10.279,0.498,285762,,,0,3,0.3566266948
53908,680,922,1,4.430025,14.168334,70.2,-50,11.147,10.44,10.376,0.601,      ,,,0,3,0.0218397403
53909,680,939,1,4.407296,13.99665,52.2,-1.4,10.702,10.075,10.019,0.533,      ,,,0,3,0.0335558033
53980,682,1065,1,4.672947,7.797324,130,-63.8,9.139,7.957,7.851,1.005,29632,,,0,3,0.1897611804
54052,683,769,1,4.782737,7.503234,136.8,85.3,10.857,10.351,10.305,0.43,      ,,,0,3,0.2719637498
54065,683,930,1,4.759785,8.706823,117.2,-76,12.133,11.119,11.028,0.862,      ,,,0,3,0.0397193367
54191,685,309,1,5.015895,9.21552,154.9,44.5,9.614,8.994,8.938,0.527,32071,,,0,3,0.3474659332
54297,686,854,1,4.619035,10.532302,48,-9.2,11.667,10.854,10.781,0.691,      ,,,0,3,-0.1385949474
54330,686,1850,1,4.71044,9.600845,69.9,1.9,10.893,10.069,9.995,0.7,287023,,,0,3,0.3545778484
54399,687,1282,1,4.829883,9.898355,58.3,-33.6,11.255,10.46,10.388,0.676,      ,,,0,3,0.0587542309
54439,688,693,1,4.866226,10.803961,64,-23.7,9.721,9.126,9.072,0.506,287220,,,0,3,0.2412191762
54442,688,761,1,4.939352,10.810293,50.9,31.5,12.062,10.834,10.723,1.044,287311,,,0,3,0.0520145764
54453,688,1248,1,4.869941,9.704576,98.4,-5.1,11.684,11.297,11.262,0.329,287240,,,0,3,0.4951961689
54476,688,1703,1,4.923966,10.208276,56.6,-17.7,9.799,9.223,9.171,0.49,287234,22893,9.66,0,3,0.0965433198
54481,688,1848,1,4.971542,9.791295,63.9,-12.7,11.308,10.353,10.267,0.812,      ,,,0,3,0.2739250296
54637,691,1509,1,4.76715,11.705593,66,-6.2,5.597,5.376,5.356,0.188,30210,22157,12.24,0,3,0.30465988
54670,692,1201,1,4.908028,12.450933,92.4,-41.2,9.563,8.731,8.656,0.707,31222,,,0,3,0.3604532187
54671,692,1216,1,4.959808,12.130922,49.4,11.2,11.525,10.725,10.653,0.68,      ,,,0,3,0.0128988214
54787,694,1072,1,4.638593,13.750332,46.4,4,12.083,10.629,10.498,1.236,286919,,,0,3,-0.1034926998
54816,695,766,1,4.846,14.217913,66.6,-5.9,9.655,8.953,8.89,0.597,30726,,,0,3,0.3230459005
54821,695,854,1,4.725106,14.376995,52.9,3.5,11.6,10.88,10.815,0.612,      ,,,0,3,0.0688507675
54840,696,105,1,4.900222,14.990233,80.5,62.9,9.984,9.355,9.298,0.535,31154,,,0,3,0.2277745443
54876,696,1478,1,4.89417,13.138726,53.8,-20.7,11.301,10.433,10.355,0.738,      ,,,0,3,-0.00975728
54995,698,637,1,5.201657,8.974192,60.1,-2.8,11.017,10.141,10.062,0.745,      ,,,0,3,0.2185380298
55022,698,1465,1,5.186859,8.397122,53.9,-31.7,10.907,9.471,9.342,1.221,33523,,,0,3,-0.059193923
55077,699,733,1,5.294298,8.436162,45.2,3.3,10.49,9.923,9.872,0.482,242398,,,0,3,-0.1347004879
55151,700,966,1,5.471633,8.462469,60.4,-42.1,12.101,11.143,11.057,0.814,      ,,,0,3,0.0620437854
55374,702,2693,1,5.216417,9.609641,90.9,-11.3,12.085,10.909,10.803,1,      ,,,0,3,0.4905914059
55377,702,2789,1,5.155456,9.829585,61,-5.6,5.739,5.457,5.432,0.24,33254,23983,18.54,0,3,0.223487578
55402,703,967,1,5.303555,9.872269,44,14.9,11.896,11.131,11.062,0.65,      ,,,0,3,-0.0894537463
55621,705,950,1,5.580941,10.986469,57.8,-25.7,11.971,11.026,10.941,0.803,      ,,,0,3,0.0876393812
55651,706,291,1,5.150845,12.964181,76.2,-22.1,10.31,9.352,9.266,0.814,      ,,,0,3,0.4077603662
55739,707,1288,1,5.270939,12.203312,47.6,12.5,9.651,9.137,9.091,0.437,242171,,,0,3,-0.0230659724
55751,707,1553,1,5.340395,11.60982,52.2,-13,9.98,9.106,9.027,0.743,242780,24923,18.26,0,3,-0.021184812
55778,708,719,1,5.364856,12.878564,56.6,-2.5,11.798,10.64,10.536,0.984,      ,,,0,3,0.1445079806
55784,708,1020,1,5.422525,12.53136,83.8,-8.5,12.11,10.729,10.605,1.174,      ,,,0,3,0.4664907106
55944,710,609,1,5.137482,13.379609,64.6,-31.8,11.903,10.773,10.671,0.961,      ,,,0,3,0.2094496249
56120,713,37,1,5.573553,13.928749,84.2,30.1,10.894,10.037,9.96,0.728,      ,,,0,3,0.3605931659
56154,713,647,1,5.524426,13.410337,57.3,-20.3,10.012,9.481,9.433,0.451,244503,,,0,3,0.1024501686
56192,714,254,1,5.62424,9.281093,95.2,41.5,9.579,8.894,8.832,0.582,37243,,,0,3,0.3524254558
56261,714,1500,1,5.639734,8.444664,106.8,-33.4,11.157,10.407,10.34,0.638,      ,,,0,3,0.4443487835
56520,717,2148,1,6.06449,8.570123,177.6,43.3,9.994,9.262,9.196,0.622,      ,,,0,3,0.3249162154
56650,718,1160,1,5.617884,11.035,52.4,-17.9,8.053,6.166,5.996,1.604,37171,26386,3.97,0,3,-0.0425906118
56660,719,232,1,5.852116,11.065999,51.8,-12.8,9.884,8.539,8.418,1.143,39157,,,0,3,-0.0336879749
56900,721,820,1,6.057912,9.828014,117.5,-43.3,10.698,10.113,10.06,0.497,      ,,,0,3,0.3577780461
56976,722,149,1,5.630354,12.513448,119.1,-10.7,10.85,10.006,9.93,0.717,      ,,,0,3,0.4887222392
57480,727,668,1,5.86525,13.875214,48.6,11.8,10.442,9.668,9.598,0.658,      ,,,0,3,-0.0044544472
57590,728,1050,1,5.928061,14.643293,53.5,17.5,11.792,10.917,10.838,0.744,      ,,,0,3,0.1083665384
57605,728,1401,1,5.884685,13.721426,66.8,1.3,10.959,10.214,10.147,0.633,      ,,,0,3,0.3207110241
101609,1224,502,1,3.008747,15.90921,97.9,-39.4,11.252,10.615,10.558,0.541,      ,,,0,3,0.3940489844
101682,1225,554,1,3.163172,16.806201,63.3,-12.1,11.894,10.752,10.649,0.971,      ,,,0,3,0.2600285491
101690,1225,828,1,3.111835,17.477998,97.5,23.4,9.483,8.958,8.911,0.446,19290,,,0,3,0.4181054081
101714,1225,1791,1,3.157383,15.23678,95.4,-44.1,11.272,10.251,10.159,0.868,      ,,,0,3,0.333719282
101717,1225,1859,1,3.191285,15.444534,54.5,51.3,10.76,9.621,9.518,0.968,      ,,,0,3,0.0584733647
101806,1227,27,1,2.986222,19.989835,52.8,-27.6,7.774,7.383,7.348,0.332,18508,13913,10.94,0,3,-0.0849837301
101831,1227,524,1,2.993259,18.746378,49.8,19.4,10.075,9.575,9.53,0.425,      ,,,0,3,0.0422100856
101845,1227,777,1,2.934914,18.886772,107.5,17.3,10.441,9.88,9.83,0.477,      ,,,0,3,0.4437259895
101878,1227,1330,1,2.969329,19.500122,57.6,-38.3,11.776,10.57,10.461,1.025,      ,,,0,3,0.0078022928
101900,1228,449,1,3.142848,19.207339,60.3,16.3,11.513,10.721,10.65,0.673,      ,,,0,3,0.2090634312
101908,1228,695,1,3.156511,18.460699,47.5,-7.7,12.064,11.178,11.098,0.753,      ,,,0,3,-0.1524780372
101925,1228,1074,1,3.047836,19.305077,57.2,-16.6,11.59,10.702,10.622,0.755,      ,,,0,3,0.1044955672
101934,1228,1313,1,3.078407,17.902475,142.7,95.2,10.517,9.784,9.718,0.623,      ,,,0,3,0.2547357508
101951,1228,1670,1,3.119717,19.371606,65,-34.7,11.719,10.88,10.804,0.713,      ,,,0,3,0.1932084529
101953,1228,1720,1,3.054374,18.179022,79.7,-49.8,11.169,10.429,10.362,0.629,      ,,,0,3,0.1416700079
101955,1228,1751,1,3.038439,18.793475,72.8,-32.9,10.637,9.892,9.825,0.633,      ,,,0,3,0.3217833263
102058,1230,665,1,2.959372,20.017702,79.2,-10.5,10.767,10.059,9.995,0.602,      ,,,0,3,0.4358544689
102061,1230,696,1,3.017247,20.94805,92.3,-46.1,11.177,10.194,10.106,0.836,      ,,,0,3,0.290435608
102083,1230,1055,1,2.916699,21.096147,52,-20,11.747,10.906,10.83,0.715,      ,,,0,3,-0.078935436
102103,1231,184,1,3.186796,21.017197,58.8,15,11.728,10.462,10.348,1.076,      ,,,0,3,0.1854087372
102115,1231,424,1,3.153523,20.74355,49.8,-10.2,9.242,8.733,8.687,0.433,      ,,,0,3,-0.0967682018
102169,1231,1679,1,3.155592,20.761124,49.7,-11,8.02,6.547,6.414,1.252,19549,14649,6.44,0,3,-0.1037228896
102200,1232,1004,1,3.248128,15.445862,91.3,-31.4,11.469,10.703,10.634,0.651,      ,,,0,3,0.4627452017
102209,1233,53,1,3.433838,15.531397,53.1,-28.6,10.68,9.943,9.877,0.626,      ,,,0,3,-0.0746267152
102229,1233,569,1,3.375155,16.543262,70.1,2.3,10.789,10.081,10.017,0.602,      ,,,0,3,0.3540298136
102286,1235,170,1,3.669809,15.288745,79.8,-42.1,11.97,10.543,10.415,1.213,      ,,,0,3,0.2823988294
102287,1235,186,1,3.670672,15.190637,52.2,-2,10.454,9.229,9.119,1.041,      ,,,0,3,0.0299514542
102289,1235,264,1,3.608986,15.163685,68.8,-21.5,10.963,10.197,10.128,0.651,      ,,,0,3,0.326083382
102290,1235,274,1,3.637935,15.171304,120.3,-70.8,9.385,8.597,8.526,0.67,22555,,,0,3,0.1054140636
102296,1235,436,1,3.71591,16.626087,48,2.5,11.182,10.393,10.322,0.671,      ,,,0,3,-0.0718141495
102297,1235,440,1,3.613094,15.868782,85.9,8.2,11.858,10.826,10.733,0.877,      ,,,0,3,0.4393714502
102315,1235,833,1,3.617019,16.73585,58.7,-20.9,11.576,10.653,10.57,0.785,      ,,,0,3,0.1319190203
102338,1236,317,1,3.218459,18.055348,57.8,-18.2,10.959,9.653,9.535,1.11,      ,,,0,3,0.1183914409
102352,1236,568,1,3.248291,18.66675,124.1,-32,10.163,9.564,9.51,0.509,      ,,,0,3,0.4220015484
102378,1237,64,1,3.375752,17.459601,106.1,-32,11.032,9.816,9.707,1.034,      ,,,0,3,0.4603063699
102422,1238,66,1,3.527882,17.251712,96.4,-39.1,10.796,9.896,9.815,0.765,      ,,,0,3,0.3948209018
102440,1238,586,1,3.488383,17.791985,79.4,44.7,10.919,10.166,10.098,0.64,      ,,,0,3,0.2894589149
102448,1238,789,1,3.563469,18.227792,53.9,-0.5,9.344,8.099,7.987,1.058,22045,16613,7.17,0,3,0.0768555252
102459,1239,11,1,3.659056,17.659473,98.1,-35.2,12.063,11.387,11.326,0.575,      ,,,0,3,0.4337693942
102505,1239,921,1,3.658343,18.078217,58.8,-42.9,11.635,10.54,10.441,0.931,      ,,,0,3,0.0179999714
102513,1240,70,1,3.241982,18.75211,94,26.6,10.555,9.748,9.675,0.686,      ,,,0,3,0.3998603935
102517,1240,134,1,3.324733,19.720537,93.9,-17.9,9.119,8.582,8.534,0.456,20600,,,0,3,0.4963972466
102541,1240,572,1,3.253339,19.181256,82,-8,11.081,10.237,10.161,0.717,      ,,,0,3,0.4527548636
102606,1241,1046,1,3.393561,19.35075,44.8,40.3,11.177,10.491,10.429,0.583,      ,,,0,3,-0.0694437372
102607,1241,1048,1,3.409259,19.063435,59,-11.6,9.561,9.091,9.049,0.4,      ,,,0,3,0.1696090821
102640,1242,792,1,3.582914,19.813374,78.2,-48.4,11.217,10.65,10.599,0.482,      ,,,0,3,0.1522677009
102657,1243,17,1,3.688125,20.591659,56.2,-33.8,10.88,10.095,10.024,0.667,      ,,,0,3,-0.0111213724
102670,1243,298,1,3.618282,19.468522,48.1,3.7,10.363,9.764,9.71,0.509,      ,,,0,3,-0.0649715031
102677,1243,562,1,3.66297,20.599519,76.8,-7.2,11.527,10.555,10.468,0.826,      ,,,0,3,0.4156348208
102705,1244,343,1,3.262796,21.16514,57.3,3.8,8.345,7.966,7.932,0.322,      ,15189,7.62,0,3,0.1554578612
102744,1245,112,1,3.355014,20.758962,67,-39.7,11.891,10.898,10.809,0.844,      ,,,0,3,0.1961779212
102848,1247,561,1,3.725485,21.523806,106.1,-55,11.993,10.99,10.9,0.853,      ,,,0,3,0.2262512275
102850,1247,581,1,3.605672,21.833505,102.6,-68.7,10.46,9.67,9.599,0.672,      ,,,0,3,0.0321933857
102918,1249,263,1,3.939146,15.70014,78.7,-8.4,11.299,10.544,10.476,0.642,285266,,,0,3,0.4388099498
102958,1250,257,1,4.10497,16.183787,109.2,38.4,11.618,10.856,10.787,0.648,      ,,,0,3,0.3810164301
102976,1250,613,1,4.031075,15.805047,56.1,-30.5,11.214,10.517,10.454,0.592,285331,,,0,3,0.0097275153
103078,1253,898,1,3.916626,17.587915,58.7,14.9,10.974,10.081,10.001,0.759,285248,,,0,3,0.190403807
103095,1254,187,1,4.057474,18.240561,63.2,-39.4,10.976,10.339,10.282,0.541,285358,,,0,3,0.1341899102
103151,1255,873,1,4.20871,17.277459,50,-20.9,7.468,6.205,6.091,1.074,26546,19641,11.42,0,3,-0.1408185472
103191,1257,103,1,3.980009,20.490491,94.9,-43.6,11.139,10.405,10.339,0.624,      ,,,0,3,0.3342477446
103193,1257,136,1,3.929748,20.284391,93.8,-32.5,11.546,11,10.951,0.464,      ,,,0,3,0.4509240636
103195,1257,197,1,3.91906,19.554937,49.6,-2.1,10.966,9.965,9.875,0.851,285227,,,0,3,-0.0564545824
103201,1257,360,1,3.973943,19.495085,85.4,-17.6,11.398,10.737,10.678,0.562,285274,,,0,3,0.468317516
103406,1262,343,1,4.037647,22.070568,88.5,-26.2,11.473,9.928,9.789,1.313,      ,,,0,3,0.4613415294
103441,1263,123,1,4.259815,21.281688,49,23.6,9.751,9.094,9.035,0.558,284255,,,0,3,0.0312364842
103509,1265,148,1,4.509688,15.733983,95.7,-22.6,9.996,9.024,8.937,0.826,28545,,,0,3,0.5011862173
103511,1265,224,1,4.434961,15.524333,109.7,-24.3,8.14,7.527,7.472,0.521,28034,,,0,3,0.4998559868
103525,1265,569,1,4.403551,16.378926,86.4,-23,8.95,8.288,8.228,0.563,27835,,,0,3,0.4705320954
103560,1266,149,1,4.560546,16.762494,94,-26.7,10.508,9.412,9.313,0.932,28878,,,0,3,0.4889516251
103563,1266,228,1,4.648011,15.171876,54.5,51.7,11.442,10.821,10.765,0.528,      ,,,0,3,0.0571141261
103570,1266,354,1,4.638115,15.463888,71,-2.4,10.548,9.775,9.705,0.657,29387,,,0,3,0.3714886055
103581,1266,944,1,4.575605,15.827557,84.7,-20.4,10.947,9.766,9.66,1.004,28977,,,0,3,0.4678506173
103586,1266,1012,1,4.547253,16.005812,98.1,-29.3,10.108,9.02,8.922,0.925,28783,,,0,3,0.4859122286
103592,1266,1175,1,4.601462,15.684006,91.3,-24.8,10.586,9.453,9.351,0.963,29159,,,0,3,0.4864307535
103596,1266,1286,1,4.549847,15.81897,93.7,-24.7,9.565,8.734,8.659,0.706,28805,,,0,3,0.4934332234
103628,1267,1186,1,4.78512,15.728285,63.1,-21.6,11.154,10.121,10.028,0.878,      ,,,0,3,0.230495338
103663,1269,57,1,4.466379,18.500253,102.9,-33.1,11.499,10.31,10.203,1.011,285766,,,0,3,0.4531676185
103665,1269,128,1,4.416733,16.984882,94,-28.6,11.612,10.53,10.433,0.92,285742,,,0,3,0.4824225458
103702,1269,1102,1,4.431515,17.447637,54.2,-10,7.969,7.575,7.54,0.335,28007,,,0,3,0.0499798431
103753,1270,1300,1,4.640266,17.542427,90.9,-34.6,11.786,10.218,10.077,1.333,285947,,,0,3,0.4301610409
103785,1271,879,1,4.721028,17.069105,100,-33.1,11.107,10.033,9.936,0.913,      ,,,0,3,0.4554038353
103808,1272,67,1,4.321307,19.724562,54.7,-18.1,9.065,8.515,8.466,0.467,27281,,,0,3,0.0234092503
103814,1272,204,1,4.280903,19.94691,45.3,0.3,10.137,8.57,8.429,1.332,27006,,,0,3,-0.1612889899
103826,1272,436,1,4.290026,19.761672,52,-40.3,11.07,10.333,10.267,0.626,      ,,,0,3,-0.1453883715
103855,1272,945,1,4.389383,20.584315,55.1,-22.1,10.763,10.047,9.983,0.609,      ,,,0,3,0.0134429695
103871,1273,245,1,4.425665,19.766172,71.9,83.7,10.22,9.532,9.47,0.585,284467,,,0,3,0.119197088
103928,1274,1204,1,4.544707,19.113466,92.3,-34.6,11.807,10.662,10.559,0.973,285836,,,0,3,0.430933513
104004,1275,1306,1,4.724254,19.299529,51.7,-34.7,11.603,11.101,11.056,0.427,      ,,,0,3,-0.1415782831
104107,1277,1068,1,4.531879,21.635726,51,16.7,9.372,8.92,8.879,0.384,28662,,,0,3,0.0540838265
104230,1279,1703,1,4.76648,21.263835,86.8,-32.1,10.472,9.543,9.459,0.79,30169,,,0,3,0.4361612974
104233,1279,1877,1,4.71843,20.629998,64.2,19.5,9.293,8.723,8.672,0.484,29860,21953,11.51,0,3,0.2499270663
104240,1279,2259,1,4.785814,20.882303,96.1,-50.3,11.23,9.908,9.789,1.124,284785,,,0,3,0.249648985
104241,1280,58,1,4.83353,16.412099,82.7,-25.8,12.207,11,10.891,1.026,      ,,,0,3,0.4416448888
104266,1280,681,1,4.814357,15.947535,70.1,-21.3,10.73,9.764,9.677,0.821,      ,,,0,3,0.3432639655
104304,1281,308,1,4.986206,16.071683,74.3,-43,11.231,10.271,10.185,0.816,      ,,,0,3,0.2209979634
104424,1282,1299,1,5.081581,15.325067,59.8,-33.5,11.785,10.523,10.409,1.073,      ,,,0,3,0.0953336985
104600,1285,1077,1,5.0616,18.322117,58.8,-9.7,11.873,10.956,10.873,0.779,      ,,,0,3,0.1698088653
104808,1288,1591,1,4.916212,19.48539,63.6,-27.9,6.7,6.389,6.361,0.264,31236,22850,14.67,0,3,0.198113252
104843,1289,1220,1,4.997084,19.966765,64.6,-26.5,10.529,9.763,9.694,0.651,285083,,,0,3,0.2283962788
104953,1291,1273,1,5.269045,19.182315,83.7,-19.6,11.726,10.784,10.699,0.801,      ,,,0,3,0.4577197623
105055,1293,2672,1,5.065768,20.830461,56,-11.6,11.554,10.495,10.4,0.9,      ,,,0,3,0.0868338487
105112,1294,2283,1,5.163293,21.918334,63.5,-33.6,10.847,10.01,9.935,0.711,      ,,,0,3,0.1651253116
105140,1295,364,1,5.277049,21.232457,54,-28.8,11.297,10.589,10.525,0.602,242169,24602,8.68,0,3,-0.0561846058
105264,1297,271,1,5.506272,16.058682,74.8,-20.5,11.696,10.662,10.569,0.879,      ,,,0,3,0.3960444003
105557,1300,1602,1,5.447701,18.419957,55,-37,11.432,11,10.961,0.367,      ,,,0,3,-0.0570091785
105827,1303,1050,1,5.829635,18.254926,71.4,20.5,10.922,10.264,10.205,0.559,      ,,,0,3,0.3177886753
105890,1304,471,1,5.416252,19.192848,68.5,9.1,10.668,10.011,9.952,0.558,      ,,,0,3,0.319573074
106545,1310,1550,1,5.719779,21.403169,48.6,-9.7,10.76,10.014,9.947,0.634,      ,,,0,3,-0.1331354463
106710,1311,2678,1,5.831604,21.024393,56.3,11.3,11.664,10.995,10.935,0.569,      ,,,0,3,0.1432947202
106757,1312,106,1,5.900767,15.111006,111.6,28.8,9.317,8.695,8.639,0.529,39555,,,0,3,0.4122007757
106918,1313,336,1,6.076937,15.217026,74.5,21.6,10.369,9.537,9.462,0.707,251181,,,0,3,0.3396779019
107424,1317,130,1,6.070629,17.284927,131.2,-52.8,9.884,8.997,8.917,0.754,251048,,,0,3,0.2758282949
107909,1320,1864,1,5.902407,19.064495,58,-45,10.706,10.048,9.989,0.559,      ,,,0,3,-0.0353024111
151405,1782,193,1,3.053377,24.350449,55.3,-34.6,12.416,10.739,10.588,1.425,      ,,,0,3,-0.0467675901
151417,1782,600,1,2.963366,22.760699,85,48.3,11.024,10.04,9.951,0.836,      ,,,0,3,0.2965161854
151420,1782,736,1,3.06194,24.018251,92.3,22.6,11.767,10.883,10.803,0.751,      ,,,0,3,0.4020057193
151432,1782,1124,1,3.064401,23.777233,65.7,-21.6,11.598,10.621,10.533,0.83,      ,,,0,3,0.2543480311
151440,1782,1234,1,2.935171,23.586517,55.9,-18.4,11.02,10.471,10.422,0.467,      ,,,0,3,0.0472501837
151455,1783,411,1,3.086656,23.61467,46.3,11.7,10.301,9.177,9.076,0.955,      ,,,0,3,-0.0676406596
151465,1783,622,1,3.186337,23.028672,110.4,-41.8,11.525,10.587,10.503,0.797,      ,,,0,3,0.3697728404
151512,1784,214,1,3.238099,22.953765,61.4,-9.1,8.188,6.88,6.762,1.112,20078,15072,5.8,0,3,0.2107679479
151536,1784,969,1,3.345999,23.167921,147.4,-80.4,10.893,10.226,10.166,0.567,      ,,,0,3,0.0976933316
151545,1784,1197,1,3.271004,22.763913,68.6,48.8,10.219,9.352,9.274,0.737,      ,,,0,3,0.2027946635
151551,1784,1360,1,3.247945,22.564903,81.9,-7.4,11.886,11.136,11.069,0.638,      ,,,0,3,0.441976939
152109,1797,371,1,3.388423,23.215939,76.1,26.4,10.432,9.723,9.659,0.603,      ,,,0,3,0.3249563469
152188,1798,588,1,3.533506,23.64713,49.7,-15.3,8.907,7.446,7.315,1.242,21835,,,0,3,-0.1292247612
152205,1798,924,1,3.556553,23.488862,71.4,-28.4,10.296,9.145,9.041,0.978,      ,,,0,3,0.3135225848
152206,1798,1012,1,3.528453,23.649548,52.6,41.9,8.6,8.096,8.051,0.428,21804,16440,9.52,0,3,0.0497345213
152415,1801,1502,1,3.429028,24.408641,77.8,-41.5,12.211,11.214,11.124,0.847,      ,,,0,3,0.2638257729
153179,1813,1458,1,3.963136,22.924398,148.6,13.9,10.09,8.947,8.844,0.972,24844,18531,27.72,0,3,0.4020774945
153208,1814,794,1,4.143392,23.76861,118.2,-43.7,10.686,9.535,9.431,0.978,      ,,,0,3,0.3493532734
153228,1814,1364,1,4.147709,23.871137,53.7,-12,8.466,7.117,6.996,1.147,26116,19361,7.19,0,3,0.0097316257
153251,1815,381,1,4.277806,23.646626,117.4,-61.4,10.939,10.156,10.086,0.666,      ,,,0,3,0.1862223162
153267,1815,680,1,4.252951,23.114431,111.3,-39.5,11.983,10.962,10.87,0.868,      ,,,0,3,0.3884467511
153298,1815,1630,1,4.319155,24.139966,59.1,-21.5,11.918,10.755,10.65,0.989,      ,,,0,3,0.117325799
153299,1815,1717,1,4.287125,22.665556,82.1,50.4,11.955,11.228,11.163,0.618,      ,,,0,3,0.2791396142
153305,1815,1949,1,4.302997,23.28466,90.6,-38.9,10.547,9.548,9.458,0.849,284303,,,0,3,0.3724144086
153312,1816,251,1,4.430869,23.562931,53.6,-38,9.624,9.087,9.039,0.456,27972,,,0,3,-0.1012746405
153356,1817,20,1,3.989203,24.380134,56.2,-3.4,12.133,10.932,10.824,1.021,283271,,,0,3,0.1069989463
153992,1832,123,1,4.9368,24.24712,89.1,14.5,11.637,10.802,10.727,0.71,      ,,,0,3,0.4184449579
154045,1832,2091,1,5.02153,22.80017,76.5,23.3,10.261,9.529,9.463,0.622,284983,,,0,3,0.3378000696
154601,1847,504,1,5.332076,23.21404,62,-27.2,12.228,10.85,10.726,1.171,      ,,,0,3,0.1612490363
154743,1849,1790,1,5.040234,24.49288,62.9,65.6,9.754,8.98,8.91,0.658,32199,,,0,3,0.1026389785
155551,1862,1151,1,5.851483,23.727383,160.8,-79.8,11.441,10.502,10.417,0.798,      ,,,0,3,0.1176946143
155806,1864,1235,1,6.059946,24.198393,57.5,2.8,11.492,10.761,10.695,0.621,      ,,,0,3,0.1482668359
